Workbook

Sheet List of Equipment
B2: KU Identifier Tag | C2: Site | D2: Location | E2: Lab | F2: Equipment | G2: Model | H2: Manufacturer | I2: Vendor | J2: Description
B3: KU00149840 | C3: Main | D3: L00021 | E3: ARIC Lab | F3: Hot air autoclave | G3: Hot air autoclave | H3: Scholz | I3: Scholz | J3: Autoclave 1meter dia and 2meter long with max. temp 400˚C and 21 bar pressure
B4: 049907000001 | C4: Main | D4: L00021 | E4: ARIC Lab | F4: Meyer Press | G4: APV 3530 | H4: Meyer | I4: Trasgulf Enterprises L.L.C | J4: Heating press with platen size 300mm x 350mm, Max. temp 400˚C and 8 bar pressure
B5: KU00000366 | C5: Main | D5: L00021 | E5: ARIC Lab | F5: Resin transfer molding press | G5: P005-1.0 X 0.65 actuated 120T | H5: Coexpair | I5: Coexpair | J5: RTM press 1000mm x 650mm platen size, 500mm daylight, Max. temp 200˚C, 120 Ton
B6: 049942000001 | C6: Main | D6: L00021 | E6: ARIC Lab | F6: Resin injection equipment | G6: iJect touch 2.0 EP | H6: Wolfangel | I6: Wolfangel Composite Equip | J6: Resin hardener injection system, 6bar, 0.5liter/minute
B7: Purchased through Strata | C7: Main | D7: L00021 | E7: ARIC Lab | F7: X-ray computed tomography | G7: Phoneix nanotom m 180 | H7: GE | I7: GE | J7: 180 kV/20 W nanofocus X-ray tube, Max. sample size 240 mmØ x 250 mm in height and 3 kg in weight, Down to 300nm minimum voxel size
B8: KU00149993 | C8: Main | D8: L00021 | E8: ARIC Lab | F8: KUKA KR30 Robot | G8: KR 30 L16-2 | H8: KUKA | I8: Hotzone Solutions | J8: 7 axes , 16Kg payload, 3102mm H reach
B9: Strata Property | C9: Main | D9: L00021 | E9: ARIC Lab | F9: ABB Robot | G9: IRB 1600-10/1.45 | H9: ABB | I9: Unknown | J9: 6 axes Industrial ABB Robot Arm,1.45m reach, 10 Kg Handling Capacity
B10: KU00135577 | C10: Main | D10: L00021 | E10: ARIC Lab | F10: UR10 Robot | G10: UR10 | H10: Universal Robots | I10: Kibele pms endustriyel bilisim ve otomasyon san. Tic. Ith. Ihr.a.s | J10: 6 rotating joints, 1300 mm reach, 10Kg payload
B11: KU00002169 | C11: Main | D11: L00021 | E11: ARIC Lab | F11: Leica laser tracker | G11: AT960-MR | H11: Leica | I11: Hexagon Metrology S.P.A | J11: AT960-MR Absolute Tracker with T probe III, T-Mac Frame TMC30-F
B12: KU00003064 | C12: Main | D12: L00021 | E12: ARIC Lab | F12: BigRep One 3D Printer | G12: BigRep One | H12: BigRep One | I12: Jacky's | J12: FDM printer with 1metercube build volume
B13: KU00002189 | C13: Main | D13: L00021 | E13: ARIC Lab | F13: Composite Cutter | G13: Labcut® 5000 Series | H13: Extec | I13: Reda Materials & Equipment L.L.C | J13: Rotary diamond cutter, 600mm x 600mm specimen size
... B18: 049530000007 | C18: Main | D18: L00021 | E18: ARIC Lab | F18: Inverted transmitted light Microscope. | G18: Axio Vert.A1 | H18: Zeiss | I18: Unknown | J18: inverted microscope with AxioCam MRc5
B19: 49967000133 | C19: Main | D19: L00021 | E19: ARIC Lab | F19: Swing arm Cutting Press | G19: GCT-3S | H19: Global Cutting Technologies Ltd | I19: Global Cutting Technologies Ltd | J19: clicking press 27 ton cutting force,1000 x 500 mm bed size,140mm max daylight, 40mm min daylight
B20: 491236000001 | C20: Main | D20: L00021 | E20: ARIC Lab | F20: Vertical metal cutting Band saw | G20: VB610 | H20: Knuth | I20: Reda Materials & Equipment L.L.C | J20: Band saw 340mm height and 610mm throat cutting capacity, 20-85 + 120-500 m/min cutting speed.

Sheet Maintenance
B2: ='List of Equipment'!B2 -> KU Identifier Tag | C2: ='List of Equipment'!C2 -> Site | D2: ='List of Equipment'!D2 -> Location | E2: ='List of Equipment'!E2 -> Lab | F2: ='List of Equipment'!F2 -> Equipment | G2: ='List of Equipment'!G2 -> Model | H2: ='List of Equipment'!H2 -> Manufacturer | I2: ='List of Equipment'!I2 -> Vendor | J2: ='List of Equipment'!J2 -> Description | K2: Service Contract | L2: Maintenance Approach | M2: Maintenance Vendor | N2: Frequency | O2: Description | P2: Other maintenance | Q2: Comments | R2: Expires | S2: Price (AED, yearly)
B3: ='List of Equipment'!B3 -> KU00149840 | C3: ='List of Equipment'!C3 -> Main | D3: L00021 | E3: ARIC lab | F3: ='List of Equipment'!F3 -> Hot air autoclave | G3: Hot air Autoclave | H3: ='List of Equipment'!H3 -> Scholz | I3: ='List of Equipment'!I3 -> Scholz | J3: ='List of Equipment'!J3 -> Autoclave 1meter dia and 2meter long with max. temp 400˚C and 21 bar pressure | K3: No | L3: Preventive Maintenance | M3: Lab Engineer | N3: Daily/every use Monthly Semi annual, Annual
B4: ='List of Equipment'!B4 -> 049907000001 | C4: ='List of Equipment'!C4 -> Main | D4: L00021 | E4: ARIC lab | F4: ='List of Equipment'!F4 -> Meyer Press | G4: APV 3530 | H4: ='List of Equipment'!H4 -> Meyer | I4: ='List of Equipment'!I4 -> Trasgulf Enterprises L.L.C | J4: ='List of Equipment'!J4 -> Heating press with platen size 300mm x 350mm, Max. temp 400˚C and 8 bar pressure | K4: No | L4: Preventive Maintenance | M4: Lab Engineer | N4: Daily/every cycle
B5: ='List of Equipment'!B5 -> KU00000366 | C5: ='List of Equipment'!C5 -> Main | D5: L00021 | E5: ARIC lab | F5: ='List of Equipment'!F5 -> Resin transfer molding press | G5: P005-1.0 X 0.65 actuated 120T | H5: ='List of Equipment'!H5 -> Coexpair | I5: ='List of Equipment'!I5 -> Coexpair | J5: ='List of Equipment'!J5 -> RTM press 1000mm x 650mm platen size, 500mm daylight, Max. temp 200˚C, 120 Ton | K5: No | L5: Preventive Maintenance | M5: Lab Engineer | N5: Daily/every use Monthly Semi annual, Annual
B6: ='List of Equipment'!B6 -> 049942000001 | C6: ='List of Equipment'!C6 -> Main | D6: L00021 | E6: ARIC lab | F6: ='List of Equipment'!F6 -> Resin injection equipment | G6: iJect touch 2.0 EP | H6: ='List of Equipment'!H6 -> Wolfangel | I6: ='List of Equipment'!I6 -> Wolfangel Composite Equip | J6: ='List of Equipment'!J6 -> Resin hardener injection system, 6bar, 0.5liter/minute | K6: No | L6: Preventive Maintenance | M6: Lab Engineer | N6: Daily/every cycle
B7: ='List of Equipment'!B7 -> Purchased through Strata | C7: ='List of Equipment'!C7 -> Main | D7: L00021 | E7: ARIC lab | F7: ='List of Equipment'!F7 -> X-ray computed tomography | G7: Phoneix nanotom m 180 | H7: ='List of Equipment'!H7 -> GE | I7: ='List of Equipment'!I7 -> GE | J7: ='List of Equipment'!J7 -> 180 kV/20 W nanofocus X-ray tube, Max. sample size 240 mmØ x 250 mm in height and 3 kg in weight, Down to 300nm minimum voxel size | K7: Yes | L7: Preventive Maintenance | M7: GE | N7: Semi annual, Annual
B8: ='List of Equipment'!B8 -> KU00149993 | C8: ='List of Equipment'!C8 -> Main | D8: L00021 | E8: ARIC lab | F8: ='List of Equipment'!F8 -> KUKA KR30 Robot | G8: KR 30 L16-2 | H8: ='List of Equipment'!H8 -> KUKA | I8: ='List of Equipment'!I8 -> Hotzone Solutions | J8: ='List of Equipment'!J8 -> 7 axes , 16Kg payload, 3102mm H reach | K8: No | L8: Preventive Maintenance | M8: Lab Engineer | N8: Daily/After every cycle
B9: ='List of Equipment'!B9 -> Strata Property | C9: Main | D9: L00021 | E9: ARIC Lab | F9: ABB Robot | G9: IRB 1600-10/1.45 | H9: ABB | I9: Unknown | J9: 6 axes Industrial ABB Robot Arm,1.45m reach, 10 Kg Handling Capacity | K9: No | L9: Preventive Maintenance | M9: Lab Engineer | N9: Daily/After every cycle
B10: ='List of Equipment'!B10 -> KU00135577 | C10: ='List of Equipment'!C10 -> Main | D10: L00021 | E10: ARIC lab | F10: ='List of Equipment'!F10 -> UR10 Robot | G10: UR10 | H10: ='List of Equipment'!H10 -> Universal Robots | I10: ='List of Equipment'!I10 -> Kibele pms endustriyel bilisim ve otomasyon san. Tic. Ith. Ihr.a.s | J10: ='List of Equipment'!J10 -> 6 rotating joints, 1300 mm reach, 10Kg payload | K10: No | L10: Preventive Maintenance | M10: Lab Engineer | N10: Daily/After every cycle
B11: ='List of Equipment'!B11 -> KU00002169 | C11: ='List of Equipment'!C11 -> Main | D11: L00021 | E11: ARIC lab | F11: ='List of Equipment'!F11 -> Leica laser tracker | G11: AT960-MR | H11: ='List of Equipment'!H11 -> Leica | I11: ='List of Equipment'!I11 -> Hexagon Metrology S.P.A | J11: ='List of Equipment'!J11 -> AT960-MR Absolute Tracker with T probe III, T-Mac Frame TMC30-F | K11: No | L11: Preventive Maintenance | M11: Lab Engineer | N11: Daily/After every cycle
B12: ='List of Equipment'!B12 -> KU00003064 | C12: ='List of Equipment'!C12 -> Main | D12: L00021 | E12: ARIC Lab | F12: ='List of Equipment'!F12 -> BigRep One 3D Printer | G12: BigRep One | H12: ='List of Equipment'!H12 -> BigRep One | I12: ='List of Equipment'!I12 -> Jacky's | J12: ='List of Equipment'!J12 -> FDM printer with 1metercube build volume | K12: No | L12: Preventive Maintenance | M12: Lab Engineer | N12: Daily/Before every cycle, Monthly, Semi annual
B13: ='List of Equipment'!B13 -> KU00002189 | C13: ='List of Equipment'!C13 -> Main | D13: L00021 | E13: ARIC lab | F13: ='List of Equipment'!F13 -> Composite Cutter | G13: Labcut® 5000 Series | H13: ='List of Equipment'!H13 -> Extec | I13: ='List of Equipment'!I13 -> Reda Materials & Equipment L.L.C | J13: ='List of Equipment'!J13 -> Rotary diamond cutter, 600mm x 600mm specimen size | K13: No | L13: Preventive Maintenance | M13: Lab Engineer | N13: Daily/every use Monthly Semi annual, Annual
B14: ='List of Equipment'!B14 -> 049909000001 | C14: ='List of Equipment'!C14 -> Main | D14: L00021 | E14: ARIC lab | F14: ='List of Equipment'!F14 -> Rheometer | G14: Discovery HR-1 Hybrid Rheometer | H14: ='List of Equipment'!H14 -> T A Instruments-Waters L.L.C | I14: ='List of Equipment'!I14 -> Al Zahrawi Medical services Company W.L.L | J14: Rheometer to study viscoelastic properties of liquids | K14: No | L14: Preventive Maintenance | M14: Lab Engineer | N14: Daily/After every cycle
B15: ='List of Equipment'!B15 -> 049609000008 | C15: ='List of Equipment'!C15 -> Main | D15: L00021 | E15: ARIC lab | F15: ='List of Equipment'!F15 -> Grinder Polisher | G15: Metaserv 250 Grinder Polisher | H15: ='List of Equipment'!H15 -> Buehler | I15: ='List of Equipment'!I15 -> Business Communications L.L.C | J15: ='List of Equipment'!J15 -> Twin Grinder polisher 50-500rpm | K15: No | L15: Preventive Maintenance | M15: Lab Engineer | N15: Daily/After every cycle
B16: ='List of Equipment'!B16 -> 049609000006 | C16: ='List of Equipment'!C16 -> Main | D16: ='List of Equipment'!D16 -> L00021 | E16: ='List of Equipment'!E16 -> ARIC Lab | F16: ='List of Equipment'!F16 -> Grinder Polisher | G16: Metaserv 250 Grinder Polisher | H16: ='List of Equipment'!H16 -> Buehler | I16: ='List of Equipment'!I16 -> Reda Materials & Equipment L.L.C | J16: ='List of Equipment'!J16 -> Twin Grinder polisher 50-500rpm with vector LC250 power head | K16: No | L16: Preventive Maintenance | M16: Lab Engineer | N16: Daily/After every cycle | U16: ='List of Equipment'!S16 -> 0 | V16: ='List of Equipment'!T16 -> 0 | W16: ='List of Equipment'!U16 -> 0 | X16: ='List of Equipment'!V16 -> 0 | Y16: ='List of Equipment'!W16 -> 0 | Z16: ='List of Equipment'!X16 -> 0 | AA16: ='List of Equipment'!Y16 -> 0 | AB16: ='List of Equipment'!Z16 -> 0 | ... XFB16: ='List of Equipment'!XEZ16 -> 0
B17: ='List of Equipment'!B17 -> 049968000012 | C17: ='List of Equipment'!C18 -> Main | D17: L00021 | E17: ARIC lab | F17: ='List of Equipment'!F17 -> Binder Oven | G17: FP400 | H17: ='List of Equipment'!H17 -> Binder | I17: ='List of Equipment'!I17 -> Unknown | J17: ='List of Equipment'!J17 -> Drying/Heating Oven Max temperature 300˚C, 1000 mm x 800 mm, 510 mm height | K17: No | L17: Preventive Maintenance | M17: Lab Engineer | N17: Daily/After every cycle
B18: ='List of Equipment'!B18 -> 049530000007 | C18: ='List of Equipment'!C19 -> Main | D18: L00021 | E18: ARIC lab | F18: ='List of Equipment'!F18 -> Inverted transmitted light Microscope. | G18: Axio Vert.A1 | H18: ='List of Equipment'!H18 -> Zeiss | I18: ='List of Equipment'!I18 -> Unknown | J18: inverted microscope with AxioCam MRc5 | K18: No | L18: Preventive Maintenance | M18: Lab Engineer | N18: Daily/After every cycle
B19: ='List of Equipment'!B19 -> 49967000133 | C19: ='List of Equipment'!C20 -> Main | D19: L00021 | E19: ARIC lab | F19: ='List of Equipment'!F19 -> Swing arm Cutting Press | G19: GCT-3S | H19: ='List of Equipment'!$H$19 -> Global Cutting Technologies Ltd | I19: ='List of Equipment'!I19 -> Global Cutting Technologies Ltd | J19: clicking press 27 ton cutting force,1000 x 500 mm bed size,140mm max daylight, 40mm min daylight | K19: No | L19: Preventive Maintenance | M19: Lab Engineer | N19: Daily/After every cycle
B20: ='List of Equipment'!B20 -> 491236000001 | C20: Main | D20: L00021 | E20: ARIC lab | F20: ='List of Equipment'!F20 -> Vertical metal cutting Band saw | G20: VB610 | H20: ='List of Equipment'!$H$20 -> Knuth | I20: ='List of Equipment'!I20 -> Reda Materials & Equipment L.L.C | J20: Band saw 340mm height and 610mm throat cutting capacity, 20-85 + 120-500 m/min cutting speed. | K20: No | L20: Preventive Maintenance | M20: Lab Engineer | N20: Daily/After every cycle
